{
  "patient": "patient_0001",
  "N": 395,
  "H_px": 394.0,
  "W_px": 200,
  "W_waist_mean_px": 129.94283544303798,
  "MAE_px": 5.025316455696207,
  "RMS_px": 5.608537795409041,
  "mean_dx_px": -3.6835443037974764,
  "A_abs_px2": 1975.5000000000018,
  "A_signed_px2": -1451.5000000000032,
  "norm_MAE": 0.03867328613049325,
  "norm_area": 0.03858588566093574,
  "y_peak_px": 0.0,
  "y_peak_norm": 0.0,
  "y_centroid_px": 201.04125537828332,
  "y_centroid_norm": 0.5102569933446017,
  "bilateral_ratio_LR": 0.15247212655411024,
  "A_pos_px2": 261.1999999999992,
  "A_neg_px2": 1713.100000000003,
  "bias": "RIGHT dominant",
  "zones": [
    {
      "label": "Upper",
      "mae": 4.121212121212132,
      "mean_dx": -4.121212121212132,
      "area": 535.5000000000014,
      "frac": 27.27967396840183,
      "n": 132,
      "y_range": [
        0.0,
        131.33333333333334
      ]
    },
    {
      "label": "Middle",
      "mae": 6.389312977099244,
      "mean_dx": -6.389312977099244,
      "area": 831.0000000000009,
      "frac": 42.33316352519494,
      "n": 131,
      "y_range": [
        131.33333333333334,
        262.6666666666667
      ]
    },
    {
      "label": "Lower",
      "mae": 4.575757575757575,
      "mean_dx": -0.5606060606060697,
      "area": 596.4999999999999,
      "frac": 30.387162506352283,
      "n": 132,
      "y_range": [
        262.6666666666667,
        394.0
      ]
    }
  ],
  "output_svg": "/mnt/NASnfs/AVATA_DATA/patient_0001/results/waist_4panel_patient_0001.svg"
}